[
    {
        "name": "Academic emergency medicine"
    },
    {
        "name": "Acta haematologica"
    },
    {
        "name": "Allergy"
    },
    {
        "name": "Allergy & rhinology"
    },
    {
        "name": "Allergy and asthma proceedings"
    },
    {
        "name": "American journal of rhinology & allergy"
    },
    {
        "name": "Annals of allergy, asthma & immunology"
    },
    {
        "name": "Cleveland Clinic journal of medicine"
    },
    {
        "name": "Clinical and experimental allergy"
    },
    {
        "name": "Clinical and experimental immunology"
    },
    {
        "name": "Current opinion in allergy and clinical immunology"
    },
    {
        "name": "Immunology and allergy clinics of North America"
    },
    {
        "name": "Immunotherapy"
    },
    {
        "name": "International archives of allergy and immunology"
    },
    {
        "name": "Journal of managed care & specialty pharmacy"
    },
    {
        "name": "Medical education"
    },
    {
        "name": "Molecular immunology"
    },
    {
        "name": "Pediatric allergy and immunology"
    },
    {
        "name": "Pediatrics"
    },
    {
        "name": "PloS one"
    },
    {
        "name": "Postgraduate medicine"
    },
    {
        "name": "Puerto Rico health sciences journal"
    },
    {
        "name": "The American journal of managed care"
    },
    {
        "name": "The Journal of allergy and clinical immunology"
    },
    {
        "name": "The Journal of experimental medicine"
    },
    {
        "name": "The Journal of pediatrics"
    },
    {
        "name": "The Journal of the American Osteopathic Association"
    },
    {
        "name": "The New England journal of medicine"
    },
    {
        "name": "The World Allergy Organization journal"
    },
    {
        "name": "Transfusion"
    }
]